{
    "one_vs_all": {
        "tp": 218842,
        "tn": 131723,
        "fp": 8277,
        "fn": 526,
        "accuracy": 0.975504218516952,
        "recall": 0.9976022026913679,
        "specificity": 0.9408785714285715,
        "precision": 0.9635565496501833,
        "f1_score": 0.9802838604483445,
        "false_positive_rate": 0.059121428571428575
    },
    "one_vs_all_detailed": [
        {
            "name": "(D)DOS",
            "accuracy": 0.975504218516952,
            "f1": 0.9802838604483445,
            "precision": 0.9635565496501833,
            "recall": 0.9976022026913679
        },
        {
            "name": "Benign",
            "accuracy": 0.975504218516952,
            "f1": 0.9676656296258205,
            "precision": 0.9960226542355708,
            "recall": 0.9408785714285715
        }
    ],
    "f1_per_class": [
        {
            "Class": "Benign",
            "Support": 140000,
            "Accuracy": 0.9409,
            "Precision": 0.996,
            "Recall": 0.9409,
            "F1-Score": 0.9677
        },
        {
            "Class": "(D)DOS",
            "Support": 219368,
            "Accuracy": 0.9976,
            "Precision": 0.9636,
            "Recall": 0.9976,
            "F1-Score": 0.9803
        }
    ],
    "weighted_f1": 0.9753681408652057,
    "classification_report": {
        "Benign": {
            "precision": 0.9960226542355708,
            "recall": 0.9408785714285715,
            "f1-score": 0.9676656296258205,
            "support": 140000.0
        },
        "(D)DOS": {
            "precision": 0.9635565496501833,
            "recall": 0.9976022026913679,
            "f1-score": 0.9802838604483445,
            "support": 219368.0
        },
        "accuracy": 0.975504218516952,
        "macro avg": {
            "precision": 0.9797896019428771,
            "recall": 0.9692403870599697,
            "f1-score": 0.9739747450370825,
            "support": 359368.0
        },
        "weighted avg": {
            "precision": 0.9762044611001574,
            "recall": 0.975504218516952,
            "f1-score": 0.9753681408652057,
            "support": 359368.0
        }
    },
    "model_eval": {
        "loss": 0.019634343683719635,
        "mse": 0.42728933691978455,
        "mae": 0.10251708328723907
    },
    "optimizer": {
        "name": "Adam",
        "weight_decay": null,
        "clipnorm": null,
        "global_clipnorm": null,
        "clipvalue": null,
        "use_ema": false,
        "ema_momentum": 0.99,
        "ema_overwrite_frequency": null,
        "jit_compile": false,
        "is_legacy_optimizer": false,
        "learning_rate": 0.0010000000474974513,
        "beta_1": 0.9,
        "beta_2": 0.999,
        "epsilon": 1e-07,
        "amsgrad": false
    },
    "attack_types": [
        "Benign",
        "(D)DOS"
    ],
    "metrics": {
        "0": {
            "TP": 131723,
            "TN": 218842,
            "FP": 526,
            "FN": 8277
        },
        "1": {
            "TP": 218842,
            "TN": 131723,
            "FP": 8277,
            "FN": 526
        }
    }
}