{
    "classification_report": {
        "Benign": {
            "precision": 0.46546053892445094,
            "recall": 0.5714541176470588,
            "f1-score": 0.5130399881704303,
            "support": 425000.0
        },
        "(D)DOS": {
            "precision": 0.5203555709306973,
            "recall": 0.2711672403838424,
            "f1-score": 0.3565364943893285,
            "support": 820962.0
        },
        "Brute Force": {
            "precision": 0.13237523974654647,
            "recall": 0.997452614853021,
            "f1-score": 0.2337312334608446,
            "support": 79297.0
        },
        "Web Attack": {
            "precision": 0.0,
            "recall": 0.0,
            "f1-score": 0.0,
            "support": 664.0
        },
        "Botnet": {
            "precision": 0.0,
            "recall": 0.0,
            "f1-score": 0.0,
            "support": 122099.0
        },
        "Probe": {
            "precision": 0.0,
            "recall": 0.0,
            "f1-score": 0.0,
            "support": 0.0
        },
        "Infiltration": {
            "precision": 0.2077120822622108,
            "recall": 0.0037268685079611076,
            "f1-score": 0.007322355841119378,
            "support": 108402.0
        },
        "Heartbleed": {
            "precision": 0.0,
            "recall": 0.0,
            "f1-score": 0.0,
            "support": 0.0
        },
        "accuracy": 0.3501520151321234,
        "macro avg": {
            "precision": 0.16573792898298817,
            "recall": 0.2304751051739854,
            "f1-score": 0.13882875898271532,
            "support": 1556424.0
        },
        "weighted avg": {
            "precision": 0.4227808385072891,
            "recall": 0.3501520151321234,
            "f1-score": 0.3405709833033404,
            "support": 1556424.0
        }
    },
    "model_eval": {
        "loss": 0.14495274424552917,
        "mse": 51.51564407348633,
        "mae": 0.39400771260261536
    },
    "optimizer": {
        "name": "Adam",
        "weight_decay": null,
        "clipnorm": null,
        "global_clipnorm": null,
        "clipvalue": null,
        "use_ema": false,
        "ema_momentum": 0.99,
        "ema_overwrite_frequency": null,
        "jit_compile": true,
        "is_legacy_optimizer": false,
        "learning_rate": 0.0010000000474974513,
        "beta_1": 0.9,
        "beta_2": 0.999,
        "epsilon": 1e-07,
        "amsgrad": false
    },
    "attack_types": [
        "Benign",
        "(D)DOS",
        "Brute Force",
        "Web Attack",
        "Botnet",
        "Probe",
        "Infiltration",
        "Heartbleed"
    ],
    "metrics": {
        "0": {
            "TP": 242868,
            "TN": 852512,
            "FP": 278912,
            "FN": 182132
        },
        "1": {
            "TP": 222618,
            "TN": 530261,
            "FP": 205201,
            "FN": 598344
        },
        "2": {
            "TP": 79095,
            "TN": 958716,
            "FP": 518411,
            "FN": 202
        },
        "3": {
            "TP": 0,
            "TN": 1555205,
            "FP": 555,
            "FN": 664
        },
        "4": {
            "TP": 0,
            "TN": 1434304,
            "FP": 21,
            "FN": 122099
        },
        "5": {
            "TP": 0,
            "TN": 1553286,
            "FP": 3138,
            "FN": 0
        },
        "6": {
            "TP": 404,
            "TN": 1446481,
            "FP": 1541,
            "FN": 107998
        },
        "7": {
            "TP": 0,
            "TN": 1552764,
            "FP": 3660,
            "FN": 0
        }
    }
}