{
    "one_vs_all": {
        "tp": 215261,
        "tn": 136939,
        "fp": 3061,
        "fn": 4107,
        "accuracy": 0.9800538723536876,
        "recall": 0.9812780350826009,
        "specificity": 0.9781357142857143,
        "precision": 0.9859794248861773,
        "f1_score": 0.983623112248395,
        "false_positive_rate": 0.021864285714285715
    },
    "f1_per_class": [
        {
            "Class": "Benign",
            "Support": 140000,
            "Accuracy": 0.9781,
            "Precision": 0.9709,
            "Recall": 0.9781,
            "F1-Score": 0.9745
        },
        {
            "Class": "(D)DOS",
            "Support": 219368,
            "Accuracy": 0.9813,
            "Precision": 0.986,
            "Recall": 0.9813,
            "F1-Score": 0.9836
        }
    ],
    "weighted_f1": 0.9800671563887917,
    "classification_report": {
        "Benign": {
            "precision": 0.970881839967103,
            "recall": 0.9781357142857143,
            "f1-score": 0.9744952783530099,
            "support": 140000.0
        },
        "(D)DOS": {
            "precision": 0.9859794248861773,
            "recall": 0.9812780350826009,
            "f1-score": 0.9836231122483949,
            "support": 219368.0
        },
        "accuracy": 0.9800538723536876,
        "macro avg": {
            "precision": 0.9784306324266401,
            "recall": 0.9797068746841576,
            "f1-score": 0.9790591953007024,
            "support": 359368.0
        },
        "weighted avg": {
            "precision": 0.9800978163715895,
            "recall": 0.9800538723536876,
            "f1-score": 0.9800671563887917,
            "support": 359368.0
        }
    },
    "model_eval": {
        "loss": 0.03968396037817001,
        "mse": 3.272942304611206,
        "mae": 0.15334132313728333
    },
    "optimizer": {
        "name": "Adam",
        "weight_decay": null,
        "clipnorm": null,
        "global_clipnorm": null,
        "clipvalue": null,
        "use_ema": false,
        "ema_momentum": 0.99,
        "ema_overwrite_frequency": null,
        "jit_compile": true,
        "is_legacy_optimizer": false,
        "learning_rate": 0.0010000000474974513,
        "beta_1": 0.9,
        "beta_2": 0.999,
        "epsilon": 1e-07,
        "amsgrad": false
    },
    "attack_types": [
        "Benign",
        "(D)DOS"
    ],
    "metrics": {
        "0": {
            "TP": 136939,
            "TN": 215261,
            "FP": 4107,
            "FN": 3061
        },
        "1": {
            "TP": 215261,
            "TN": 136939,
            "FP": 3061,
            "FN": 4107
        }
    }
}