{
    "one_vs_all": {
        "tp": 64241,
        "tn": 127761,
        "fp": 42239,
        "fn": 43983,
        "accuracy": 0.6900986255678877,
        "recall": 0.5935929183914843,
        "specificity": 0.7515352941176471,
        "precision": 0.6033151765589783,
        "f1_score": 0.5984145614427304,
        "false_positive_rate": 0.24846470588235295
    },
    "one_vs_all_detailed": [
        {
            "name": "Benign",
            "accuracy": 0.6900986255678877,
            "f1": 0.7477000327730698,
            "precision": 0.7439037171604248,
            "recall": 0.7515352941176471
        },
        {
            "name": "Infiltration",
            "accuracy": 0.6900986255678877,
            "f1": 0.5984145614427304,
            "precision": 0.6033151765589783,
            "recall": 0.5935929183914843
        }
    ],
    "f1_per_class": [
        {
            "Class": "Benign",
            "Support": 170000,
            "Accuracy": 0.7515,
            "Precision": 0.7439,
            "Recall": 0.7515,
            "F1-Score": 0.7477
        },
        {
            "Class": "Infiltration",
            "Support": 108224,
            "Accuracy": 0.5936,
            "Precision": 0.6033,
            "Recall": 0.5936,
            "F1-Score": 0.5984
        }
    ],
    "weighted_f1": 0.6896307402272985,
    "classification_report": {
        "Benign": {
            "precision": 0.7439037171604248,
            "recall": 0.7515352941176471,
            "f1-score": 0.7477000327730698,
            "support": 170000.0
        },
        "Infiltration": {
            "precision": 0.6033151765589783,
            "recall": 0.5935929183914843,
            "f1-score": 0.5984145614427304,
            "support": 108224.0
        },
        "accuracy": 0.6900986255678877,
        "macro avg": {
            "precision": 0.6736094468597016,
            "recall": 0.6725641062545658,
            "f1-score": 0.6730572971079001,
            "support": 278224.0
        },
        "weighted avg": {
            "precision": 0.6892173701233218,
            "recall": 0.6900986255678877,
            "f1-score": 0.6896307402272985,
            "support": 278224.0
        }
    },
    "model_eval": {
        "loss": 0.16101935505867004,
        "mse": 14.790376663208008,
        "mae": 0.4340851306915283
    },
    "optimizer": {
        "name": "Adam",
        "weight_decay": null,
        "clipnorm": null,
        "global_clipnorm": null,
        "clipvalue": null,
        "use_ema": false,
        "ema_momentum": 0.99,
        "ema_overwrite_frequency": null,
        "jit_compile": false,
        "is_legacy_optimizer": false,
        "learning_rate": 0.0010000000474974513,
        "beta_1": 0.9,
        "beta_2": 0.999,
        "epsilon": 1e-07,
        "amsgrad": false
    },
    "attack_types": [
        "Benign",
        "Infiltration"
    ],
    "metrics": {
        "0": {
            "TP": 127761,
            "TN": 64241,
            "FP": 43983,
            "FN": 42239
        },
        "1": {
            "TP": 64241,
            "TN": 127761,
            "FP": 42239,
            "FN": 43983
        }
    }
}