{
    "one_vs_all": {
        "tp": 671586,
        "tn": 138704,
        "fp": 1296,
        "fn": 3329,
        "accuracy": 0.99432456145733,
        "recall": 0.9950675270219212,
        "specificity": 0.9907428571428571,
        "precision": 0.9980739565035177,
        "f1_score": 0.996568474332559,
        "false_positive_rate": 0.009257142857142858
    },
    "one_vs_all_detailed": [
        {
            "name": "(D)DOS",
            "accuracy": 0.99432456145733,
            "f1": 0.996568474332559,
            "precision": 0.9980739565035177,
            "recall": 0.9950675270219212
        },
        {
            "name": "Benign",
            "accuracy": 0.99432456145733,
            "f1": 0.9836012097875071,
            "precision": 0.9765617849373033,
            "recall": 0.9907428571428571
        }
    ],
    "f1_per_class": [
        {
            "Class": "Benign",
            "Support": 140000,
            "Accuracy": 0.9907,
            "Precision": 0.9766,
            "Recall": 0.9907,
            "F1-Score": 0.9836
        },
        {
            "Class": "(D)DOS",
            "Support": 674915,
            "Accuracy": 0.9951,
            "Precision": 0.9981,
            "Recall": 0.9951,
            "F1-Score": 0.9966
        }
    ],
    "weighted_f1": 0.9943407364257746,
    "classification_report": {
        "Benign": {
            "precision": 0.9765617849373033,
            "recall": 0.9907428571428571,
            "f1-score": 0.9836012097875071,
            "support": 140000.0
        },
        "(D)DOS": {
            "precision": 0.9980739565035177,
            "recall": 0.9950675270219212,
            "f1-score": 0.996568474332559,
            "support": 674915.0
        },
        "accuracy": 0.99432456145733,
        "macro avg": {
            "precision": 0.9873178707204104,
            "recall": 0.9929051920823893,
            "f1-score": 0.990084842060033,
            "support": 814915.0
        },
        "weighted avg": {
            "precision": 0.9943782287045816,
            "recall": 0.99432456145733,
            "f1-score": 0.9943407364257746,
            "support": 814915.0
        }
    },
    "model_eval": {
        "loss": 0.011226843111217022,
        "mse": 0.030411411076784134,
        "mae": 0.07205791771411896
    },
    "optimizer": {
        "name": "Adam",
        "weight_decay": null,
        "clipnorm": null,
        "global_clipnorm": null,
        "clipvalue": null,
        "use_ema": false,
        "ema_momentum": 0.99,
        "ema_overwrite_frequency": null,
        "jit_compile": false,
        "is_legacy_optimizer": false,
        "learning_rate": 0.0010000000474974513,
        "beta_1": 0.9,
        "beta_2": 0.999,
        "epsilon": 1e-07,
        "amsgrad": false
    },
    "attack_types": [
        "Benign",
        "(D)DOS"
    ],
    "metrics": {
        "0": {
            "TP": 138704,
            "TN": 671586,
            "FP": 3329,
            "FN": 1296
        },
        "1": {
            "TP": 671586,
            "TN": 138704,
            "FP": 1296,
            "FN": 3329
        }
    }
}