{
    "one_vs_all": {
        "tp": 79174,
        "tn": 169882,
        "fp": 118,
        "fn": 225,
        "accuracy": 0.9986246937638082,
        "recall": 0.9971662111613496,
        "specificity": 0.9993058823529412,
        "precision": 0.9985118296927811,
        "f1_score": 0.9978385667744233,
        "false_positive_rate": 0.0006941176470588236
    },
    "one_vs_all_detailed": [
        {
            "name": "Brute Force",
            "accuracy": 0.9986246937638082,
            "f1": 0.9978385667744233,
            "precision": 0.9985118296927811,
            "recall": 0.9971662111613496
        },
        {
            "name": "Benign",
            "accuracy": 0.9986246937638082,
            "f1": 0.9989914938534049,
            "precision": 0.9986773031092195,
            "recall": 0.9993058823529412
        }
    ],
    "f1_per_class": [
        {
            "Class": "Benign",
            "Support": 170000,
            "Accuracy": 0.9993,
            "Precision": 0.9987,
            "Recall": 0.9993,
            "F1-Score": 0.999
        },
        {
            "Class": "Brute Force",
            "Support": 79399,
            "Accuracy": 0.9972,
            "Precision": 0.9985,
            "Recall": 0.9972,
            "F1-Score": 0.9978
        }
    ],
    "weighted_f1": 0.9986244464428536,
    "classification_report": {
        "Benign": {
            "precision": 0.9986773031092195,
            "recall": 0.9993058823529412,
            "f1-score": 0.9989914938534049,
            "support": 170000.0
        },
        "Brute Force": {
            "precision": 0.9985118296927811,
            "recall": 0.9971662111613496,
            "f1-score": 0.9978385667744233,
            "support": 79399.0
        },
        "accuracy": 0.9986246937638082,
        "macro avg": {
            "precision": 0.9985945664010003,
            "recall": 0.9982360467571454,
            "f1-score": 0.9984150303139141,
            "support": 249399.0
        },
        "weighted avg": {
            "precision": 0.9986246227705181,
            "recall": 0.9986246937638082,
            "f1-score": 0.9986244464428536,
            "support": 249399.0
        }
    },
    "model_eval": {
        "loss": 0.001538595068268478,
        "mse": 0.012405128218233585,
        "mae": 0.02647368051111698
    },
    "optimizer": {
        "name": "Adam",
        "weight_decay": null,
        "clipnorm": null,
        "global_clipnorm": null,
        "clipvalue": null,
        "use_ema": false,
        "ema_momentum": 0.99,
        "ema_overwrite_frequency": null,
        "jit_compile": false,
        "is_legacy_optimizer": false,
        "learning_rate": 0.0010000000474974513,
        "beta_1": 0.9,
        "beta_2": 0.999,
        "epsilon": 1e-07,
        "amsgrad": false
    },
    "attack_types": [
        "Benign",
        "Brute Force"
    ],
    "metrics": {
        "0": {
            "TP": 169882,
            "TN": 79174,
            "FP": 225,
            "FN": 118
        },
        "1": {
            "TP": 79174,
            "TN": 169882,
            "FP": 118,
            "FN": 225
        }
    }
}