{
    "one_vs_all": {
        "tp": 674104,
        "tn": 139194,
        "fp": 806,
        "fn": 811,
        "accuracy": 0.9980157439732978,
        "recall": 0.9987983672017958,
        "specificity": 0.9942428571428571,
        "precision": 0.9988057666948186,
        "f1_score": 0.9988020669346027,
        "false_positive_rate": 0.005757142857142857
    },
    "one_vs_all_detailed": [
        {
            "name": "(D)DOS",
            "accuracy": 0.9980157439732978,
            "f1": 0.9988020669346026,
            "precision": 0.9988057666948186,
            "recall": 0.9987983672017958
        },
        {
            "name": "Benign",
            "accuracy": 0.9980157439732978,
            "f1": 0.9942251031231585,
            "precision": 0.9942073497375093,
            "recall": 0.9942428571428571
        }
    ],
    "f1_per_class": [
        {
            "Class": "Benign",
            "Support": 140000,
            "Accuracy": 0.9942,
            "Precision": 0.9942,
            "Recall": 0.9942,
            "F1-Score": 0.9942
        },
        {
            "Class": "(D)DOS",
            "Support": 674915,
            "Accuracy": 0.9988,
            "Precision": 0.9988,
            "Recall": 0.9988,
            "F1-Score": 0.9988
        }
    ],
    "weighted_f1": 0.9980157580145285,
    "classification_report": {
        "Benign": {
            "precision": 0.9942073497375093,
            "recall": 0.9942428571428571,
            "f1-score": 0.9942251031231585,
            "support": 140000.0
        },
        "(D)DOS": {
            "precision": 0.9988057666948186,
            "recall": 0.9987983672017958,
            "f1-score": 0.9988020669346026,
            "support": 674915.0
        },
        "accuracy": 0.9980157439732978,
        "macro avg": {
            "precision": 0.996506558216164,
            "recall": 0.9965206121723265,
            "f1-score": 0.9965135850288805,
            "support": 814915.0
        },
        "weighted avg": {
            "precision": 0.9980157721873874,
            "recall": 0.9980157439732978,
            "f1-score": 0.9980157580145285,
            "support": 814915.0
        }
    },
    "model_eval": {
        "loss": 0.0016291578067466617,
        "mse": 0.0032707657665014267,
        "mae": 0.016063207760453224
    },
    "optimizer": {
        "name": "Adam",
        "weight_decay": null,
        "clipnorm": null,
        "global_clipnorm": null,
        "clipvalue": null,
        "use_ema": false,
        "ema_momentum": 0.99,
        "ema_overwrite_frequency": null,
        "jit_compile": false,
        "is_legacy_optimizer": false,
        "learning_rate": 0.0010000000474974513,
        "beta_1": 0.9,
        "beta_2": 0.999,
        "epsilon": 1e-07,
        "amsgrad": false
    },
    "attack_types": [
        "Benign",
        "(D)DOS"
    ],
    "metrics": {
        "0": {
            "TP": 139194,
            "TN": 674104,
            "FP": 811,
            "FN": 806
        },
        "1": {
            "TP": 674104,
            "TN": 139194,
            "FP": 806,
            "FN": 811
        }
    }
}