{
    "one_vs_all": {
        "tp": 6053,
        "tn": 137968,
        "fp": 2032,
        "fn": 139,
        "accuracy": 0.9851496661924045,
        "recall": 0.9775516795865633,
        "specificity": 0.9854857142857143,
        "precision": 0.7486703772418059,
        "f1_score": 0.8479372417174477,
        "false_positive_rate": 0.014514285714285714
    },
    "one_vs_all_detailed": [
        {
            "name": "Brute Force",
            "accuracy": 0.9851496661924045,
            "f1": 0.8479372417174477,
            "precision": 0.7486703772418059,
            "recall": 0.9775516795865633
        },
        {
            "name": "Benign",
            "accuracy": 0.9851496661924045,
            "f1": 0.9921936520835506,
            "precision": 0.9989935339990008,
            "recall": 0.9854857142857143
        }
    ],
    "f1_per_class": [
        {
            "Class": "Benign",
            "Support": 140000,
            "Accuracy": 0.9855,
            "Precision": 0.999,
            "Recall": 0.9855,
            "F1-Score": 0.9922
        },
        {
            "Class": "Brute Force",
            "Support": 6192,
            "Accuracy": 0.9776,
            "Precision": 0.7487,
            "Recall": 0.9776,
            "F1-Score": 0.8479
        }
    ],
    "weighted_f1": 0.9860836344834978,
    "classification_report": {
        "Benign": {
            "precision": 0.9989935339990008,
            "recall": 0.9854857142857143,
            "f1-score": 0.9921936520835506,
            "support": 140000.0
        },
        "Brute Force": {
            "precision": 0.7486703772418059,
            "recall": 0.9775516795865633,
            "f1-score": 0.8479372417174477,
            "support": 6192.0
        },
        "accuracy": 0.9851496661924045,
        "macro avg": {
            "precision": 0.8738319556204033,
            "recall": 0.9815186969361388,
            "f1-score": 0.9200654469004992,
            "support": 146192.0
        },
        "weighted avg": {
            "precision": 0.9883910319014815,
            "recall": 0.9851496661924045,
            "f1-score": 0.9860836344834978,
            "support": 146192.0
        }
    },
    "model_eval": {
        "loss": 0.018855508416891098,
        "mse": 2.284912109375,
        "mae": 0.08318648487329483
    },
    "optimizer": {
        "name": "Adam",
        "weight_decay": null,
        "clipnorm": null,
        "global_clipnorm": null,
        "clipvalue": null,
        "use_ema": false,
        "ema_momentum": 0.99,
        "ema_overwrite_frequency": null,
        "jit_compile": false,
        "is_legacy_optimizer": false,
        "learning_rate": 0.0010000000474974513,
        "beta_1": 0.9,
        "beta_2": 0.999,
        "epsilon": 1e-07,
        "amsgrad": false
    },
    "attack_types": [
        "Benign",
        "Brute Force"
    ],
    "metrics": {
        "0": {
            "TP": 137968,
            "TN": 6053,
            "FP": 139,
            "FN": 2032
        },
        "1": {
            "TP": 6053,
            "TN": 137968,
            "FP": 2032,
            "FN": 139
        }
    }
}