{
    "one_vs_all": {
        "tp": 189,
        "tn": 406097,
        "fp": 18903,
        "fn": 79239,
        "accuracy": 0.8054390319331995,
        "recall": 0.002379513521680012,
        "specificity": 0.9555223529411765,
        "precision": 0.009899434318038969,
        "f1_score": 0.0038367844092570035,
        "false_positive_rate": 0.04447764705882353
    },
    "classification_report": {
        "Benign": {
            "precision": 0.8367337267377651,
            "recall": 0.9555223529411765,
            "f1-score": 0.892191454583802,
            "support": 425000.0
        },
        "Brute Force": {
            "precision": 0.009899434318038969,
            "recall": 0.002379513521680012,
            "f1-score": 0.0038367844092570035,
            "support": 79428.0
        },
        "accuracy": 0.8054390319331995,
        "macro avg": {
            "precision": 0.42331658052790205,
            "recall": 0.47895093323142823,
            "f1-score": 0.44801411949652953,
            "support": 504428.0
        },
        "weighted avg": {
            "precision": 0.706539141626879,
            "recall": 0.8054390319331995,
            "f1-score": 0.7523097772331716,
            "support": 504428.0
        }
    },
    "model_eval": {
        "loss": 0.1175941452383995,
        "mse": 454.9599304199219,
        "mae": 0.3021690547466278
    },
    "optimizer": {
        "name": "Adam",
        "weight_decay": null,
        "clipnorm": null,
        "global_clipnorm": null,
        "clipvalue": null,
        "use_ema": false,
        "ema_momentum": 0.99,
        "ema_overwrite_frequency": null,
        "jit_compile": false,
        "is_legacy_optimizer": false,
        "learning_rate": 0.0010000000474974513,
        "beta_1": 0.9,
        "beta_2": 0.999,
        "epsilon": 1e-07,
        "amsgrad": false
    },
    "attack_types": [
        "Benign",
        "Brute Force"
    ]
}