{
    "one_vs_all": {
        "tp": 673493,
        "tn": 138787,
        "fp": 1213,
        "fn": 1422,
        "accuracy": 0.9967665339329869,
        "recall": 0.9978930680159723,
        "specificity": 0.9913357142857143,
        "precision": 0.998202179912436,
        "f1_score": 0.9980476000299343,
        "false_positive_rate": 0.008664285714285715
    },
    "one_vs_all_detailed": [
        {
            "name": "(D)DOS",
            "accuracy": 0.9967665339329869,
            "f1": 0.9980476000299343,
            "precision": 0.998202179912436,
            "recall": 0.9978930680159723
        },
        {
            "name": "Benign",
            "accuracy": 0.9967665339329869,
            "f1": 0.9905963049009846,
            "precision": 0.9898579977034284,
            "recall": 0.9913357142857143
        }
    ],
    "f1_per_class": [
        {
            "Class": "Benign",
            "Support": 140000,
            "Accuracy": 0.9913,
            "Precision": 0.9899,
            "Recall": 0.9913,
            "F1-Score": 0.9906
        },
        {
            "Class": "(D)DOS",
            "Support": 674915,
            "Accuracy": 0.9979,
            "Precision": 0.9982,
            "Recall": 0.9979,
            "F1-Score": 0.998
        }
    ],
    "weighted_f1": 0.9967674894441027,
    "classification_report": {
        "Benign": {
            "precision": 0.9898579977034284,
            "recall": 0.9913357142857143,
            "f1-score": 0.9905963049009846,
            "support": 140000.0
        },
        "(D)DOS": {
            "precision": 0.998202179912436,
            "recall": 0.9978930680159723,
            "f1-score": 0.9980476000299343,
            "support": 674915.0
        },
        "accuracy": 0.9967665339329869,
        "macro avg": {
            "precision": 0.9940300888079322,
            "recall": 0.9946143911508434,
            "f1-score": 0.9943219524654594,
            "support": 814915.0
        },
        "weighted avg": {
            "precision": 0.9967686739525984,
            "recall": 0.9967665339329869,
            "f1-score": 0.9967674894441027,
            "support": 814915.0
        }
    },
    "model_eval": {
        "loss": 0.004957609344273806,
        "mse": 0.009916196577250957,
        "mae": 0.02568550407886505
    },
    "optimizer": {
        "name": "Adam",
        "weight_decay": null,
        "clipnorm": null,
        "global_clipnorm": null,
        "clipvalue": null,
        "use_ema": false,
        "ema_momentum": 0.99,
        "ema_overwrite_frequency": null,
        "jit_compile": false,
        "is_legacy_optimizer": false,
        "learning_rate": 0.0010000000474974513,
        "beta_1": 0.9,
        "beta_2": 0.999,
        "epsilon": 1e-07,
        "amsgrad": false
    },
    "attack_types": [
        "Benign",
        "(D)DOS"
    ],
    "metrics": {
        "0": {
            "TP": 138787,
            "TN": 673493,
            "FP": 1422,
            "FN": 1213
        },
        "1": {
            "TP": 673493,
            "TN": 138787,
            "FP": 1213,
            "FN": 1422
        }
    }
}