{
    "classification_report": {
        "Benign": {
            "precision": 0.3164791918706581,
            "recall": 0.7811011764705882,
            "f1-score": 0.4504495091730266,
            "support": 425000.0
        },
        "(D)DOS": {
            "precision": 0.8051234014824469,
            "recall": 0.4575254396671222,
            "f1-score": 0.5834788363076006,
            "support": 820962.0
        },
        "Brute Force": {
            "precision": 0.0003563429036856037,
            "recall": 8.827572291511658e-05,
            "f1-score": 0.0001414984687844271,
            "support": 79297.0
        },
        "Web Attack": {
            "precision": 0.0,
            "recall": 0.0,
            "f1-score": 0.0,
            "support": 664.0
        },
        "Botnet": {
            "precision": 0.0,
            "recall": 0.0,
            "f1-score": 0.0,
            "support": 122099.0
        },
        "Probe": {
            "precision": 0.0,
            "recall": 0.0,
            "f1-score": 0.0,
            "support": 0.0
        },
        "Infiltration": {
            "precision": 0.36063936063936064,
            "recall": 0.0033301968598365345,
            "f1-score": 0.006599453397073207,
            "support": 108402.0
        },
        "Heartbleed": {
            "precision": 0.0,
            "recall": 0.0,
            "f1-score": 0.0,
            "support": 0.0
        },
        "accuracy": 0.45485484675127086,
        "macro avg": {
            "precision": 0.18532478711201894,
            "recall": 0.15525563609005774,
            "f1-score": 0.1300836621683106,
            "support": 1556424.0
        },
        "weighted avg": {
            "precision": 0.5362302684667698,
            "recall": 0.45485484675127086,
            "f1-score": 0.43123313966022453,
            "support": 1556424.0
        }
    },
    "model_eval": {
        "loss": 0.2927311956882477,
        "mse": 586.2197265625,
        "mae": 0.5431435108184814
    },
    "optimizer": {
        "name": "Adam",
        "weight_decay": null,
        "clipnorm": null,
        "global_clipnorm": null,
        "clipvalue": null,
        "use_ema": false,
        "ema_momentum": 0.99,
        "ema_overwrite_frequency": null,
        "jit_compile": true,
        "is_legacy_optimizer": false,
        "learning_rate": 0.0010000000474974513,
        "beta_1": 0.9,
        "beta_2": 0.999,
        "epsilon": 1e-07,
        "amsgrad": false
    },
    "attack_types": [
        "Benign",
        "(D)DOS",
        "Brute Force",
        "Web Attack",
        "Botnet",
        "Probe",
        "Infiltration",
        "Heartbleed"
    ]
}