{
    "one_vs_all": {
        "tp": 820054,
        "tn": 168293,
        "fp": 1707,
        "fn": 681,
        "accuracy": 0.9975896682765826,
        "recall": 0.9991702559291367,
        "specificity": 0.9899588235294118,
        "precision": 0.997922753696026,
        "f1_score": 0.998546115180798,
        "false_positive_rate": 0.010041176470588236
    },
    "one_vs_all_detailed": [
        {
            "name": "(D)DOS",
            "accuracy": 0.9975896682765826,
            "f1": 0.998546115180798,
            "precision": 0.997922753696026,
            "recall": 0.9991702559291367
        },
        {
            "name": "Benign",
            "accuracy": 0.9975896682765826,
            "f1": 0.9929552119041578,
            "precision": 0.9959697941695173,
            "recall": 0.9899588235294118
        }
    ],
    "f1_per_class": [
        {
            "Class": "Benign",
            "Support": 170000,
            "Accuracy": 0.99,
            "Precision": 0.996,
            "Recall": 0.99,
            "F1-Score": 0.993
        },
        {
            "Class": "(D)DOS",
            "Support": 820735,
            "Accuracy": 0.9992,
            "Precision": 0.9979,
            "Recall": 0.9992,
            "F1-Score": 0.9985
        }
    ],
    "weighted_f1": 0.9975867733214422,
    "classification_report": {
        "Benign": {
            "precision": 0.9959697941695173,
            "recall": 0.9899588235294118,
            "f1-score": 0.9929552119041578,
            "support": 170000.0
        },
        "(D)DOS": {
            "precision": 0.997922753696026,
            "recall": 0.9991702559291367,
            "f1-score": 0.998546115180798,
            "support": 820735.0
        },
        "accuracy": 0.9975896682765826,
        "macro avg": {
            "precision": 0.9969462739327717,
            "recall": 0.9945645397292742,
            "f1-score": 0.995750663542478,
            "support": 990735.0
        },
        "weighted avg": {
            "precision": 0.9975876458018803,
            "recall": 0.9975896682765826,
            "f1-score": 0.9975867733214422,
            "support": 990735.0
        }
    },
    "model_eval": {
        "loss": 0.01035458967089653,
        "mse": 0.021159155294299126,
        "mae": 0.07777527719736099
    },
    "optimizer": {
        "name": "Adam",
        "weight_decay": null,
        "clipnorm": null,
        "global_clipnorm": null,
        "clipvalue": null,
        "use_ema": false,
        "ema_momentum": 0.99,
        "ema_overwrite_frequency": null,
        "jit_compile": false,
        "is_legacy_optimizer": false,
        "learning_rate": 0.0010000000474974513,
        "beta_1": 0.9,
        "beta_2": 0.999,
        "epsilon": 1e-07,
        "amsgrad": false
    },
    "attack_types": [
        "Benign",
        "(D)DOS"
    ],
    "metrics": {
        "0": {
            "TP": 168293,
            "TN": 820054,
            "FP": 681,
            "FN": 1707
        },
        "1": {
            "TP": 820054,
            "TN": 168293,
            "FP": 1707,
            "FN": 681
        }
    }
}