{
    "one_vs_all": {
        "tp": 0,
        "tn": 139998,
        "fp": 2,
        "fn": 1466,
        "accuracy": 0.9896229482702558,
        "recall": 0.0,
        "specificity": 0.9999857142857143,
        "precision": 0.0,
        "f1_score": 0,
        "false_positive_rate": 1.4285714285714285e-05
    },
    "classification_report": {
        "Benign": {
            "precision": 0.9896369394333541,
            "recall": 0.9999857142857143,
            "f1-score": 0.9947844129266975,
            "support": 140000.0
        },
        "Web Attack": {
            "precision": 0.0,
            "recall": 0.0,
            "f1-score": 0.0,
            "support": 1466.0
        },
        "accuracy": 0.9896229482702558,
        "macro avg": {
            "precision": 0.49481846971667703,
            "recall": 0.49999285714285713,
            "f1-score": 0.49739220646334875,
            "support": 141466.0
        },
        "weighted avg": {
            "precision": 0.9793814168822866,
            "recall": 0.9896229482702558,
            "f1-score": 0.9844755475502074,
            "support": 141466.0
        }
    },
    "model_eval": {
        "loss": 0.29477009177207947,
        "mse": 0.6722508072853088,
        "mae": 0.5275608897209167
    },
    "optimizer": {
        "name": "Adam",
        "weight_decay": null,
        "clipnorm": null,
        "global_clipnorm": null,
        "clipvalue": null,
        "use_ema": false,
        "ema_momentum": 0.99,
        "ema_overwrite_frequency": null,
        "jit_compile": false,
        "is_legacy_optimizer": false,
        "learning_rate": 0.0010000000474974513,
        "beta_1": 0.9,
        "beta_2": 0.999,
        "epsilon": 1e-07,
        "amsgrad": false
    },
    "attack_types": [
        "Benign",
        "Web Attack"
    ]
}