{
    "one_vs_all": {
        "tp": 658,
        "tn": 167044,
        "fp": 2956,
        "fn": 18,
        "accuracy": 0.9825751716702993,
        "recall": 0.9733727810650887,
        "specificity": 0.9826117647058824,
        "precision": 0.18206972883231876,
        "f1_score": 0.3067599067599067,
        "false_positive_rate": 0.01738823529411765
    },
    "one_vs_all_detailed": [
        {
            "name": "Benign",
            "accuracy": 0.9825751716702993,
            "f1": 0.991176697462188,
            "precision": 0.9998922555697884,
            "recall": 0.9826117647058824
        },
        {
            "name": "Web Attack",
            "accuracy": 0.9825751716702993,
            "f1": 0.3067599067599068,
            "precision": 0.18206972883231876,
            "recall": 0.9733727810650887
        }
    ],
    "f1_per_class": [
        {
            "Class": "Benign",
            "Support": 170000,
            "Accuracy": 0.9826,
            "Precision": 0.9999,
            "Recall": 0.9826,
            "F1-Score": 0.9912
        },
        {
            "Class": "Web Attack",
            "Support": 676,
            "Accuracy": 0.9734,
            "Precision": 0.1821,
            "Recall": 0.9734,
            "F1-Score": 0.3068
        }
    ],
    "weighted_f1": 0.9884659135762592,
    "classification_report": {
        "Benign": {
            "precision": 0.9998922555697884,
            "recall": 0.9826117647058824,
            "f1-score": 0.991176697462188,
            "support": 170000.0
        },
        "Web Attack": {
            "precision": 0.18206972883231876,
            "recall": 0.9733727810650887,
            "f1-score": 0.3067599067599068,
            "support": 676.0
        },
        "accuracy": 0.9825751716702993,
        "macro avg": {
            "precision": 0.5909809922010536,
            "recall": 0.9779922728854855,
            "f1-score": 0.6489683021110474,
            "support": 170676.0
        },
        "weighted avg": {
            "precision": 0.9966530887972221,
            "recall": 0.9825751716702993,
            "f1-score": 0.9884659135762592,
            "support": 170676.0
        }
    },
    "model_eval": {
        "loss": 0.05352203920483589,
        "mse": 0.13705295324325562,
        "mae": 0.15962636470794678
    },
    "optimizer": {
        "name": "Adam",
        "weight_decay": null,
        "clipnorm": null,
        "global_clipnorm": null,
        "clipvalue": null,
        "use_ema": false,
        "ema_momentum": 0.99,
        "ema_overwrite_frequency": null,
        "jit_compile": false,
        "is_legacy_optimizer": false,
        "learning_rate": 0.0010000000474974513,
        "beta_1": 0.9,
        "beta_2": 0.999,
        "epsilon": 1e-07,
        "amsgrad": false
    },
    "attack_types": [
        "Benign",
        "Web Attack"
    ],
    "metrics": {
        "0": {
            "TP": 167044,
            "TN": 658,
            "FP": 18,
            "FN": 2956
        },
        "1": {
            "TP": 658,
            "TN": 167044,
            "FP": 2956,
            "FN": 18
        }
    }
}