{
    "classification_report": {
        "Benign": {
            "precision": 0.07496949483445864,
            "recall": 0.09874285714285715,
            "f1-score": 0.08522942708734721,
            "support": 140000.0
        },
        "(D)DOS": {
            "precision": 0.3649698456506184,
            "recall": 0.03256685760151775,
            "f1-score": 0.059797854612750063,
            "support": 219272.0
        },
        "Brute Force": {
            "precision": 0.0,
            "recall": 0.0,
            "f1-score": 0.0,
            "support": 6278.0
        },
        "Web Attack": {
            "precision": 0.043430025777400724,
            "recall": 0.9333800841514727,
            "f1-score": 0.08299816044648146,
            "support": 1426.0
        },
        "Botnet": {
            "precision": 0.0006799637352674524,
            "recall": 0.03709428129829984,
            "f1-score": 0.0013354477923378683,
            "support": 1294.0
        },
        "Infiltration": {
            "precision": 0.0001861980681950425,
            "recall": 0.42105263157894735,
            "f1-score": 0.0003722315280104225,
            "support": 19.0
        },
        "accuracy": 0.060691467841830736,
        "macro avg": {
            "precision": 0.08070592134432338,
            "recall": 0.2538061186288491,
            "f1-score": 0.03828885357782117,
            "support": 368289.0
        },
        "weighted avg": {
            "precision": 0.24596502176258836,
            "recall": 0.060691467841830736,
            "f1-score": 0.06832733393480267,
            "support": 368289.0
        }
    },
    "model_eval": {
        "loss": 0.2870199978351593,
        "mse": 0.6841654777526855,
        "mae": 0.5978559851646423
    },
    "optimizer": {
        "name": "Adam",
        "weight_decay": null,
        "clipnorm": null,
        "global_clipnorm": null,
        "clipvalue": null,
        "use_ema": false,
        "ema_momentum": 0.99,
        "ema_overwrite_frequency": null,
        "jit_compile": true,
        "is_legacy_optimizer": false,
        "learning_rate": 0.0010000000474974513,
        "beta_1": 0.9,
        "beta_2": 0.999,
        "epsilon": 1e-07,
        "amsgrad": false
    },
    "attack_types": [
        "Benign",
        "(D)DOS",
        "Brute Force",
        "Web Attack",
        "Botnet",
        "Infiltration"
    ],
    "metrics": {
        "0": {
            "TP": 13824,
            "TN": 57718,
            "FP": 170571,
            "FN": 126176
        },
        "1": {
            "TP": 7141,
            "TN": 136592,
            "FP": 12425,
            "FN": 212131
        },
        "2": {
            "TP": 0,
            "TN": 341887,
            "FP": 20124,
            "FN": 6278
        },
        "3": {
            "TP": 1331,
            "TN": 337547,
            "FP": 29316,
            "FN": 95
        },
        "4": {
            "TP": 48,
            "TN": 296451,
            "FP": 70544,
            "FN": 1246
        },
        "5": {
            "TP": 8,
            "TN": 325313,
            "FP": 42957,
            "FN": 11
        }
    }
}