{
    "classification_report": {
        "Benign": {
            "precision": 0.09886010722279091,
            "recall": 0.0407,
            "f1-score": 0.057661267880002226,
            "support": 140000.0
        },
        "(D)DOS": {
            "precision": 0.5331600238300567,
            "recall": 0.5836404100842789,
            "f1-score": 0.5572593374772754,
            "support": 219272.0
        },
        "Brute Force": {
            "precision": 0.015384615384615385,
            "recall": 0.00015928639694170118,
            "f1-score": 0.00031530821377896896,
            "support": 6278.0
        },
        "Web Attack": {
            "precision": 0.00046155621370052696,
            "recall": 0.008415147265077139,
            "f1-score": 0.0008751139471285323,
            "support": 1426.0
        },
        "Botnet": {
            "precision": 0.00023413720440177945,
            "recall": 0.0007727975270479134,
            "f1-score": 0.00035938903863432165,
            "support": 1294.0
        },
        "Infiltration": {
            "precision": 7.447125409591897e-05,
            "recall": 0.15789473684210525,
            "f1-score": 0.00014887229238518223,
            "support": 19.0
        },
        "accuracy": 0.36300568303696285,
        "macro avg": {
            "precision": 0.1080291518516102,
            "recall": 0.13193039635257517,
            "f1-score": 0.10276988147486744,
            "support": 368289.0
        },
        "weighted avg": {
            "precision": 0.3552781292395282,
            "recall": 0.36300568303696285,
            "f1-score": 0.35371038028820223,
            "support": 368289.0
        }
    },
    "model_eval": {
        "loss": 0.13112536072731018,
        "mse": 0.28004032373428345,
        "mae": 0.3678128719329834
    },
    "optimizer": {
        "name": "Adam",
        "weight_decay": null,
        "clipnorm": null,
        "global_clipnorm": null,
        "clipvalue": null,
        "use_ema": false,
        "ema_momentum": 0.99,
        "ema_overwrite_frequency": null,
        "jit_compile": true,
        "is_legacy_optimizer": false,
        "learning_rate": 0.0010000000474974513,
        "beta_1": 0.9,
        "beta_2": 0.999,
        "epsilon": 1e-07,
        "amsgrad": false
    },
    "attack_types": [
        "Benign",
        "(D)DOS",
        "Brute Force",
        "Web Attack",
        "Botnet",
        "Infiltration"
    ],
    "metrics": {
        "0": {
            "TP": 5698,
            "TN": 176350,
            "FP": 51939,
            "FN": 134302
        },
        "1": {
            "TP": 127976,
            "TN": 36960,
            "FP": 112057,
            "FN": 91296
        },
        "2": {
            "TP": 1,
            "TN": 361947,
            "FP": 64,
            "FN": 6277
        },
        "3": {
            "TP": 12,
            "TN": 340876,
            "FP": 25987,
            "FN": 1414
        },
        "4": {
            "TP": 1,
            "TN": 362725,
            "FP": 4270,
            "FN": 1293
        },
        "5": {
            "TP": 3,
            "TN": 327989,
            "FP": 40281,
            "FN": 16
        }
    }
}