{
    "one_vs_all": {
        "tp": 198,
        "tn": 411584,
        "fp": 13416,
        "fn": 79230,
        "accuracy": 0.8163345413022275,
        "recall": 0.0024928236893790603,
        "specificity": 0.9684329411764706,
        "precision": 0.014543851917144116,
        "f1_score": 0.0042561423873089576,
        "false_positive_rate": 0.03156705882352941
    },
    "classification_report": {
        "Benign": {
            "precision": 0.8385742867970352,
            "recall": 0.9684329411764706,
            "f1-score": 0.8988375368797594,
            "support": 425000.0
        },
        "Brute Force": {
            "precision": 0.014543851917144116,
            "recall": 0.0024928236893790603,
            "f1-score": 0.0042561423873089576,
            "support": 79428.0
        },
        "accuracy": 0.8163345413022275,
        "macro avg": {
            "precision": 0.42655906935708965,
            "recall": 0.48546288243292485,
            "f1-score": 0.4515468396335342,
            "support": 504428.0
        },
        "weighted avg": {
            "precision": 0.7088212013583998,
            "recall": 0.8163345413022275,
            "f1-score": 0.7579753900486035,
            "support": 504428.0
        }
    },
    "model_eval": {
        "loss": 0.09601358324289322,
        "mse": 10.588996887207031,
        "mae": 0.3273654878139496
    },
    "optimizer": {
        "name": "Adam",
        "weight_decay": null,
        "clipnorm": null,
        "global_clipnorm": null,
        "clipvalue": null,
        "use_ema": false,
        "ema_momentum": 0.99,
        "ema_overwrite_frequency": null,
        "jit_compile": true,
        "is_legacy_optimizer": false,
        "learning_rate": 0.0010000000474974513,
        "beta_1": 0.9,
        "beta_2": 0.999,
        "epsilon": 1e-07,
        "amsgrad": false
    },
    "attack_types": [
        "Benign",
        "Brute Force"
    ],
    "metrics": {
        "0": {
            "TP": 411584,
            "TN": 198,
            "FP": 79230,
            "FN": 13416
        },
        "1": {
            "TP": 198,
            "TN": 411584,
            "FP": 13416,
            "FN": 79230
        }
    }
}