{
    "one_vs_all": {
        "tp": 79906,
        "tn": 106043,
        "fp": 63957,
        "fn": 28318,
        "accuracy": 0.6683427741675773,
        "recall": 0.738339000591366,
        "specificity": 0.6237823529411765,
        "precision": 0.5554312088584278,
        "f1_score": 0.6339557375033222,
        "false_positive_rate": 0.37621764705882355
    },
    "one_vs_all_detailed": [
        {
            "name": "Benign",
            "accuracy": 0.6683427741675773,
            "f1": 0.6968238374824632,
            "precision": 0.7892394370390218,
            "recall": 0.6237823529411765
        },
        {
            "name": "Infiltration",
            "accuracy": 0.6683427741675773,
            "f1": 0.6339557375033222,
            "precision": 0.5554312088584278,
            "recall": 0.738339000591366
        }
    ],
    "f1_per_class": [
        {
            "Class": "Benign",
            "Support": 170000,
            "Accuracy": 0.6238,
            "Precision": 0.7892,
            "Recall": 0.6238,
            "F1-Score": 0.6968
        },
        {
            "Class": "Infiltration",
            "Support": 108224,
            "Accuracy": 0.7383,
            "Precision": 0.5554,
            "Recall": 0.7383,
            "F1-Score": 0.634
        }
    ],
    "weighted_f1": 0.6723693071323045,
    "classification_report": {
        "Benign": {
            "precision": 0.7892394370390218,
            "recall": 0.6237823529411765,
            "f1-score": 0.6968238374824632,
            "support": 170000.0
        },
        "Infiltration": {
            "precision": 0.5554312088584278,
            "recall": 0.738339000591366,
            "f1-score": 0.6339557375033222,
            "support": 108224.0
        },
        "accuracy": 0.6683427741675773,
        "macro avg": {
            "precision": 0.6723353229487248,
            "recall": 0.6810606767662712,
            "f1-score": 0.6653897874928927,
            "support": 278224.0
        },
        "weighted avg": {
            "precision": 0.6982923523640239,
            "recall": 0.6683427741675773,
            "f1-score": 0.6723693071323045,
            "support": 278224.0
        }
    },
    "model_eval": {
        "loss": 0.15489883720874786,
        "mse": 7.458216190338135,
        "mae": 0.4246264398097992
    },
    "optimizer": {
        "name": "Adam",
        "weight_decay": null,
        "clipnorm": null,
        "global_clipnorm": null,
        "clipvalue": null,
        "use_ema": false,
        "ema_momentum": 0.99,
        "ema_overwrite_frequency": null,
        "jit_compile": false,
        "is_legacy_optimizer": false,
        "learning_rate": 0.0010000000474974513,
        "beta_1": 0.9,
        "beta_2": 0.999,
        "epsilon": 1e-07,
        "amsgrad": false
    },
    "attack_types": [
        "Benign",
        "Infiltration"
    ],
    "metrics": {
        "0": {
            "TP": 106043,
            "TN": 79906,
            "FP": 28318,
            "FN": 63957
        },
        "1": {
            "TP": 79906,
            "TN": 106043,
            "FP": 63957,
            "FN": 28318
        }
    }
}