{
    "one_vs_all": {
        "tp": 7,
        "tn": 64022,
        "fp": 75978,
        "fn": 14,
        "accuracy": 0.4572814077888317,
        "recall": 0.3333333333333333,
        "specificity": 0.4573,
        "precision": 9.212344541685859e-05,
        "f1_score": 0.00018419598452753728,
        "false_positive_rate": 0.5427
    },
    "classification_report": {
        "Benign": {
            "precision": 0.9997813729777001,
            "recall": 0.4573,
            "f1-score": 0.6275559215040483,
            "support": 140000.0
        },
        "Infiltration": {
            "precision": 9.212344541685859e-05,
            "recall": 0.3333333333333333,
            "f1-score": 0.0001841959845275373,
            "support": 21.0
        },
        "accuracy": 0.4572814077888317,
        "macro avg": {
            "precision": 0.4999367482115585,
            "recall": 0.39531666666666665,
            "f1-score": 0.3138700587442879,
            "support": 140021.0
        },
        "weighted avg": {
            "precision": 0.9996314420799048,
            "recall": 0.4572814077888317,
            "f1-score": 0.627461829858967,
            "support": 140021.0
        }
    },
    "model_eval": {
        "loss": 0.1543288230895996,
        "mse": 0.5214536190032959,
        "mae": 0.47045308351516724
    },
    "optimizer": {
        "name": "Adam",
        "weight_decay": null,
        "clipnorm": null,
        "global_clipnorm": null,
        "clipvalue": null,
        "use_ema": false,
        "ema_momentum": 0.99,
        "ema_overwrite_frequency": null,
        "jit_compile": false,
        "is_legacy_optimizer": false,
        "learning_rate": 0.0010000000474974513,
        "beta_1": 0.9,
        "beta_2": 0.999,
        "epsilon": 1e-07,
        "amsgrad": false
    },
    "attack_types": [
        "Benign",
        "Infiltration"
    ]
}