{
    "one_vs_all": {
        "tp": 31614,
        "tn": 139951,
        "fp": 49,
        "fn": 187754,
        "accuracy": 0.4774075599385588,
        "recall": 0.1441140002188104,
        "specificity": 0.99965,
        "precision": 0.998452452389224,
        "f1_score": 0.25187327461548575,
        "false_positive_rate": 0.00035
    },
    "classification_report": {
        "Benign": {
            "precision": 0.427063975221617,
            "recall": 0.99965,
            "f1-score": 0.598458429993265,
            "support": 140000.0
        },
        "(D)DOS": {
            "precision": 0.998452452389224,
            "recall": 0.1441140002188104,
            "f1-score": 0.25187327461548575,
            "support": 219368.0
        },
        "accuracy": 0.4774075599385588,
        "macro avg": {
            "precision": 0.7127582138054205,
            "recall": 0.5718820001094053,
            "f1-score": 0.4251658523043754,
            "support": 359368.0
        },
        "weighted avg": {
            "precision": 0.7758550402560764,
            "recall": 0.4774075599385588,
            "f1-score": 0.3868934259725601,
            "support": 359368.0
        }
    },
    "model_eval": {
        "loss": 0.2831258773803711,
        "mse": 0.5774492621421814,
        "mae": 0.6114104986190796
    },
    "optimizer": {
        "name": "Adam",
        "weight_decay": null,
        "clipnorm": null,
        "global_clipnorm": null,
        "clipvalue": null,
        "use_ema": false,
        "ema_momentum": 0.99,
        "ema_overwrite_frequency": null,
        "jit_compile": false,
        "is_legacy_optimizer": false,
        "learning_rate": 0.0010000000474974513,
        "beta_1": 0.9,
        "beta_2": 0.999,
        "epsilon": 1e-07,
        "amsgrad": false
    },
    "attack_types": [
        "Benign",
        "(D)DOS"
    ]
}