{
    "one_vs_all": {
        "tp": 667,
        "tn": 166812,
        "fp": 3188,
        "fn": 9,
        "accuracy": 0.9812686024983008,
        "recall": 0.9866863905325444,
        "specificity": 0.9812470588235294,
        "precision": 0.17302204928664072,
        "f1_score": 0.29441624365482233,
        "false_positive_rate": 0.018752941176470587
    },
    "one_vs_all_detailed": [
        {
            "name": "Benign",
            "accuracy": 0.9812686024983008,
            "f1": 0.9905083115363947,
            "precision": 0.9999460499577392,
            "recall": 0.9812470588235294
        },
        {
            "name": "Web Attack",
            "accuracy": 0.9812686024983008,
            "f1": 0.29441624365482233,
            "precision": 0.17302204928664072,
            "recall": 0.9866863905325444
        }
    ],
    "f1_per_class": [
        {
            "Class": "Benign",
            "Support": 170000,
            "Accuracy": 0.9812,
            "Precision": 0.9999,
            "Recall": 0.9812,
            "F1-Score": 0.9905
        },
        {
            "Class": "Web Attack",
            "Support": 676,
            "Accuracy": 0.9867,
            "Precision": 0.173,
            "Recall": 0.9867,
            "F1-Score": 0.2944
        }
    ],
    "weighted_f1": 0.9877512851361513,
    "classification_report": {
        "Benign": {
            "precision": 0.9999460499577392,
            "recall": 0.9812470588235294,
            "f1-score": 0.9905083115363947,
            "support": 170000.0
        },
        "Web Attack": {
            "precision": 0.17302204928664072,
            "recall": 0.9866863905325444,
            "f1-score": 0.29441624365482233,
            "support": 676.0
        },
        "accuracy": 0.9812686024983008,
        "macro avg": {
            "precision": 0.5864840496221899,
            "recall": 0.9839667246780368,
            "f1-score": 0.6424622775956086,
            "support": 170676.0
        },
        "weighted avg": {
            "precision": 0.9966708347871607,
            "recall": 0.9812686024983008,
            "f1-score": 0.9877512851361513,
            "support": 170676.0
        }
    },
    "model_eval": {
        "loss": 0.01846379227936268,
        "mse": 0.039031609892845154,
        "mae": 0.10230404883623123
    },
    "optimizer": {
        "name": "Adam",
        "weight_decay": null,
        "clipnorm": null,
        "global_clipnorm": null,
        "clipvalue": null,
        "use_ema": false,
        "ema_momentum": 0.99,
        "ema_overwrite_frequency": null,
        "jit_compile": false,
        "is_legacy_optimizer": false,
        "learning_rate": 0.0010000000474974513,
        "beta_1": 0.9,
        "beta_2": 0.999,
        "epsilon": 1e-07,
        "amsgrad": false
    },
    "attack_types": [
        "Benign",
        "Web Attack"
    ],
    "metrics": {
        "0": {
            "TP": 166812,
            "TN": 667,
            "FP": 9,
            "FN": 3188
        },
        "1": {
            "TP": 667,
            "TN": 166812,
            "FP": 3188,
            "FN": 9
        }
    }
}