{
    "one_vs_all": {
        "tp": 1395,
        "tn": 138093,
        "fp": 1907,
        "fn": 71,
        "accuracy": 0.9860178417428923,
        "recall": 0.951568894952251,
        "specificity": 0.9863785714285714,
        "precision": 0.4224712295578437,
        "f1_score": 0.5851510067114094,
        "false_positive_rate": 0.01362142857142857
    },
    "one_vs_all_detailed": [
        {
            "name": "Benign",
            "accuracy": 0.9860178417428923,
            "f1": 0.9928890870134165,
            "precision": 0.9994861179467879,
            "recall": 0.9863785714285714
        },
        {
            "name": "Web Attack",
            "accuracy": 0.9860178417428923,
            "f1": 0.5851510067114094,
            "precision": 0.4224712295578437,
            "recall": 0.951568894952251
        }
    ],
    "f1_per_class": [
        {
            "Class": "Benign",
            "Support": 140000,
            "Accuracy": 0.9864,
            "Precision": 0.9995,
            "Recall": 0.9864,
            "F1-Score": 0.9929
        },
        {
            "Class": "Web Attack",
            "Support": 1466,
            "Accuracy": 0.9516,
            "Precision": 0.4225,
            "Recall": 0.9516,
            "F1-Score": 0.5852
        }
    ],
    "weighted_f1": 0.9886637323294448,
    "classification_report": {
        "Benign": {
            "precision": 0.9994861179467879,
            "recall": 0.9863785714285714,
            "f1-score": 0.9928890870134165,
            "support": 140000.0
        },
        "Web Attack": {
            "precision": 0.4224712295578437,
            "recall": 0.951568894952251,
            "f1-score": 0.5851510067114094,
            "support": 1466.0
        },
        "accuracy": 0.9860178417428923,
        "macro avg": {
            "precision": 0.7109786737523158,
            "recall": 0.9689737331904112,
            "f1-score": 0.7890200468624129,
            "support": 141466.0
        },
        "weighted avg": {
            "precision": 0.993506562248753,
            "recall": 0.9860178417428923,
            "f1-score": 0.9886637323294448,
            "support": 141466.0
        }
    },
    "model_eval": {
        "loss": 0.10294558852910995,
        "mse": 0.6480312347412109,
        "mae": 0.21492329239845276
    },
    "optimizer": {
        "name": "Adam",
        "weight_decay": null,
        "clipnorm": null,
        "global_clipnorm": null,
        "clipvalue": null,
        "use_ema": false,
        "ema_momentum": 0.99,
        "ema_overwrite_frequency": null,
        "jit_compile": false,
        "is_legacy_optimizer": false,
        "learning_rate": 0.0010000000474974513,
        "beta_1": 0.9,
        "beta_2": 0.999,
        "epsilon": 1e-07,
        "amsgrad": false
    },
    "attack_types": [
        "Benign",
        "Web Attack"
    ],
    "metrics": {
        "0": {
            "TP": 138093,
            "TN": 1395,
            "FP": 71,
            "FN": 1907
        },
        "1": {
            "TP": 1395,
            "TN": 138093,
            "FP": 1907,
            "FN": 71
        }
    }
}