{
    "one_vs_all": {
        "tp": 79355,
        "tn": 169939,
        "fp": 61,
        "fn": 44,
        "accuracy": 0.99957898788688,
        "recall": 0.9994458368493306,
        "specificity": 0.9996411764705883,
        "precision": 0.9992318928175683,
        "f1_score": 0.9993388533828669,
        "false_positive_rate": 0.00035882352941176473
    },
    "one_vs_all_detailed": [
        {
            "name": "Brute Force",
            "accuracy": 0.99957898788688,
            "f1": 0.9993388533828669,
            "precision": 0.9992318928175683,
            "recall": 0.9994458368493306
        },
        {
            "name": "Benign",
            "accuracy": 0.99957898788688,
            "f1": 0.9996911610286396,
            "precision": 0.9997411505856468,
            "recall": 0.9996411764705883
        }
    ],
    "f1_per_class": [
        {
            "Class": "Benign",
            "Support": 170000,
            "Accuracy": 0.9996,
            "Precision": 0.9997,
            "Recall": 0.9996,
            "F1-Score": 0.9997
        },
        {
            "Class": "Brute Force",
            "Support": 79399,
            "Accuracy": 0.9994,
            "Precision": 0.9992,
            "Recall": 0.9994,
            "F1-Score": 0.9993
        }
    ],
    "weighted_f1": 0.9995789998942057,
    "classification_report": {
        "Benign": {
            "precision": 0.9997411505856468,
            "recall": 0.9996411764705883,
            "f1-score": 0.9996911610286396,
            "support": 170000.0
        },
        "Brute Force": {
            "precision": 0.9992318928175683,
            "recall": 0.9994458368493306,
            "f1-score": 0.9993388533828669,
            "support": 79399.0
        },
        "accuracy": 0.99957898788688,
        "macro avg": {
            "precision": 0.9994865217016076,
            "recall": 0.9995435066599594,
            "f1-score": 0.9995150072057533,
            "support": 249399.0
        },
        "weighted avg": {
            "precision": 0.9995790225998583,
            "recall": 0.99957898788688,
            "f1-score": 0.9995789998942057,
            "support": 249399.0
        }
    },
    "model_eval": {
        "loss": 0.0017353503499180079,
        "mse": 0.027514377608895302,
        "mae": 0.033195801079273224
    },
    "optimizer": {
        "name": "Adam",
        "weight_decay": null,
        "clipnorm": null,
        "global_clipnorm": null,
        "clipvalue": null,
        "use_ema": false,
        "ema_momentum": 0.99,
        "ema_overwrite_frequency": null,
        "jit_compile": false,
        "is_legacy_optimizer": false,
        "learning_rate": 0.0010000000474974513,
        "beta_1": 0.9,
        "beta_2": 0.999,
        "epsilon": 1e-07,
        "amsgrad": false
    },
    "attack_types": [
        "Benign",
        "Brute Force"
    ],
    "metrics": {
        "0": {
            "TP": 169939,
            "TN": 79355,
            "FP": 44,
            "FN": 61
        },
        "1": {
            "TP": 79355,
            "TN": 169939,
            "FP": 61,
            "FN": 44
        }
    }
}