{
    "one_vs_all": {
        "tp": 11,
        "tn": 139932,
        "fp": 68,
        "fn": 10,
        "accuracy": 0.9994429407017519,
        "recall": 0.5238095238095238,
        "specificity": 0.9995142857142857,
        "precision": 0.13924050632911392,
        "f1_score": 0.21999999999999997,
        "false_positive_rate": 0.0004857142857142857
    },
    "one_vs_all_detailed": [
        {
            "name": "Benign",
            "accuracy": 0.9994429407017519,
            "f1": 0.9997213708553915,
            "precision": 0.9999285418244701,
            "recall": 0.9995142857142857
        },
        {
            "name": "Infiltration",
            "accuracy": 0.9994429407017519,
            "f1": 0.22,
            "precision": 0.13924050632911392,
            "recall": 0.5238095238095238
        }
    ],
    "f1_per_class": [
        {
            "Class": "Benign",
            "Support": 140000,
            "Accuracy": 0.9995,
            "Precision": 0.9999,
            "Recall": 0.9995,
            "F1-Score": 0.9997
        },
        {
            "Class": "Infiltration",
            "Support": 21,
            "Accuracy": 0.5238,
            "Precision": 0.1392,
            "Recall": 0.5238,
            "F1-Score": 0.22
        }
    ],
    "weighted_f1": 0.9996044301908628,
    "classification_report": {
        "Benign": {
            "precision": 0.9999285418244701,
            "recall": 0.9995142857142857,
            "f1-score": 0.9997213708553915,
            "support": 140000.0
        },
        "Infiltration": {
            "precision": 0.13924050632911392,
            "recall": 0.5238095238095238,
            "f1-score": 0.22,
            "support": 21.0
        },
        "accuracy": 0.9994429407017519,
        "macro avg": {
            "precision": 0.569584524076792,
            "recall": 0.7616619047619048,
            "f1-score": 0.6098606854276958,
            "support": 140021.0
        },
        "weighted avg": {
            "precision": 0.9997994579817222,
            "recall": 0.9994429407017519,
            "f1-score": 0.9996044301908628,
            "support": 140021.0
        }
    },
    "model_eval": {
        "loss": 0.007276536896824837,
        "mse": 0.015778960660099983,
        "mae": 0.038913849741220474
    },
    "optimizer": {
        "name": "Adam",
        "weight_decay": null,
        "clipnorm": null,
        "global_clipnorm": null,
        "clipvalue": null,
        "use_ema": false,
        "ema_momentum": 0.99,
        "ema_overwrite_frequency": null,
        "jit_compile": false,
        "is_legacy_optimizer": false,
        "learning_rate": 0.0010000000474974513,
        "beta_1": 0.9,
        "beta_2": 0.999,
        "epsilon": 1e-07,
        "amsgrad": false
    },
    "attack_types": [
        "Benign",
        "Infiltration"
    ],
    "metrics": {
        "0": {
            "TP": 139932,
            "TN": 11,
            "FP": 10,
            "FN": 68
        },
        "1": {
            "TP": 11,
            "TN": 139932,
            "FP": 68,
            "FN": 10
        }
    }
}