{
    "one_vs_all": {
        "tp": 1396,
        "tn": 137496,
        "fp": 2504,
        "fn": 70,
        "accuracy": 0.9818048152913067,
        "recall": 0.9522510231923602,
        "specificity": 0.9821142857142857,
        "precision": 0.35794871794871796,
        "f1_score": 0.5203130823704808,
        "false_positive_rate": 0.017885714285714286
    },
    "one_vs_all_detailed": [
        {
            "name": "Benign",
            "accuracy": 0.9818048152913067,
            "f1": 0.9907265299064006,
            "precision": 0.9994911533373072,
            "recall": 0.9821142857142857
        },
        {
            "name": "Web Attack",
            "accuracy": 0.9818048152913067,
            "f1": 0.5203130823704808,
            "precision": 0.35794871794871796,
            "recall": 0.9522510231923602
        }
    ],
    "f1_per_class": [
        {
            "Class": "Benign",
            "Support": 140000,
            "Accuracy": 0.9821,
            "Precision": 0.9995,
            "Recall": 0.9821,
            "F1-Score": 0.9907
        },
        {
            "Class": "Web Attack",
            "Support": 1466,
            "Accuracy": 0.9523,
            "Precision": 0.3579,
            "Recall": 0.9523,
            "F1-Score": 0.5203
        }
    ],
    "weighted_f1": 0.9858516757782875,
    "classification_report": {
        "Benign": {
            "precision": 0.9994911533373072,
            "recall": 0.9821142857142857,
            "f1-score": 0.9907265299064006,
            "support": 140000.0
        },
        "Web Attack": {
            "precision": 0.35794871794871796,
            "recall": 0.9522510231923602,
            "f1-score": 0.5203130823704808,
            "support": 1466.0
        },
        "accuracy": 0.9818048152913067,
        "macro avg": {
            "precision": 0.6787199356430126,
            "recall": 0.967182654453323,
            "f1-score": 0.7555198061384407,
            "support": 141466.0
        },
        "weighted avg": {
            "precision": 0.9928429042154003,
            "recall": 0.9818048152913067,
            "f1-score": 0.9858516757782875,
            "support": 141466.0
        }
    },
    "model_eval": {
        "loss": 0.028584690764546394,
        "mse": 0.08035589009523392,
        "mae": 0.1086621955037117
    },
    "optimizer": {
        "name": "Adam",
        "weight_decay": null,
        "clipnorm": null,
        "global_clipnorm": null,
        "clipvalue": null,
        "use_ema": false,
        "ema_momentum": 0.99,
        "ema_overwrite_frequency": null,
        "jit_compile": false,
        "is_legacy_optimizer": false,
        "learning_rate": 0.0010000000474974513,
        "beta_1": 0.9,
        "beta_2": 0.999,
        "epsilon": 1e-07,
        "amsgrad": false
    },
    "attack_types": [
        "Benign",
        "Web Attack"
    ],
    "metrics": {
        "0": {
            "TP": 137496,
            "TN": 1396,
            "FP": 70,
            "FN": 2504
        },
        "1": {
            "TP": 1396,
            "TN": 137496,
            "FP": 2504,
            "FN": 70
        }
    }
}