{
    "one_vs_all": {
        "tp": 79365,
        "tn": 169828,
        "fp": 172,
        "fn": 34,
        "accuracy": 0.9991740143304504,
        "recall": 0.9995717830199373,
        "specificity": 0.9989882352941176,
        "precision": 0.9978374844412035,
        "f1_score": 0.998703880807369,
        "false_positive_rate": 0.0010117647058823529
    },
    "one_vs_all_detailed": [
        {
            "name": "Brute Force",
            "accuracy": 0.9991740143304504,
            "f1": 0.998703880807369,
            "precision": 0.9978374844412035,
            "recall": 0.9995717830199373
        },
        {
            "name": "Benign",
            "accuracy": 0.9991740143304504,
            "f1": 0.99939387163025,
            "precision": 0.9997998375151593,
            "recall": 0.9989882352941176
        }
    ],
    "f1_per_class": [
        {
            "Class": "Benign",
            "Support": 170000,
            "Accuracy": 0.999,
            "Precision": 0.9998,
            "Recall": 0.999,
            "F1-Score": 0.9994
        },
        {
            "Class": "Brute Force",
            "Support": 79399,
            "Accuracy": 0.9996,
            "Precision": 0.9978,
            "Recall": 0.9996,
            "F1-Score": 0.9987
        }
    ],
    "weighted_f1": 0.9991742052268324,
    "classification_report": {
        "Benign": {
            "precision": 0.9997998375151593,
            "recall": 0.9989882352941176,
            "f1-score": 0.99939387163025,
            "support": 170000.0
        },
        "Brute Force": {
            "precision": 0.9978374844412035,
            "recall": 0.9995717830199373,
            "f1-score": 0.998703880807369,
            "support": 79399.0
        },
        "accuracy": 0.9991740143304504,
        "macro avg": {
            "precision": 0.9988186609781814,
            "recall": 0.9992800091570275,
            "f1-score": 0.9990488762188094,
            "support": 249399.0
        },
        "weighted avg": {
            "precision": 0.9991751001596806,
            "recall": 0.9991740143304504,
            "f1-score": 0.9991742052268324,
            "support": 249399.0
        }
    },
    "model_eval": {
        "loss": 0.002379469107836485,
        "mse": 0.020070131868124008,
        "mae": 0.025294074788689613
    },
    "optimizer": {
        "name": "Adam",
        "weight_decay": null,
        "clipnorm": null,
        "global_clipnorm": null,
        "clipvalue": null,
        "use_ema": false,
        "ema_momentum": 0.99,
        "ema_overwrite_frequency": null,
        "jit_compile": false,
        "is_legacy_optimizer": false,
        "learning_rate": 0.0010000000474974513,
        "beta_1": 0.9,
        "beta_2": 0.999,
        "epsilon": 1e-07,
        "amsgrad": false
    },
    "attack_types": [
        "Benign",
        "Brute Force"
    ],
    "metrics": {
        "0": {
            "TP": 169828,
            "TN": 79365,
            "FP": 34,
            "FN": 172
        },
        "1": {
            "TP": 79365,
            "TN": 169828,
            "FP": 172,
            "FN": 34
        }
    }
}