{
    "one_vs_all": {
        "tp": 0,
        "tn": 424984,
        "fp": 16,
        "fn": 679,
        "accuracy": 0.9983673143377991,
        "recall": 0.0,
        "specificity": 0.9999623529411765,
        "precision": 0.0,
        "f1_score": 0,
        "false_positive_rate": 3.764705882352941e-05
    },
    "classification_report": {
        "Benign": {
            "precision": 0.9984048413886102,
            "recall": 0.9999623529411765,
            "f1-score": 0.9991829902088136,
            "support": 425000.0
        },
        "Web Attack": {
            "precision": 0.0,
            "recall": 0.0,
            "f1-score": 0.0,
            "support": 679.0
        },
        "accuracy": 0.9983673143377991,
        "macro avg": {
            "precision": 0.4992024206943051,
            "recall": 0.49998117647058826,
            "f1-score": 0.4995914951044068,
            "support": 425679.0
        },
        "weighted avg": {
            "precision": 0.9968122871698143,
            "recall": 0.9983673143377991,
            "f1-score": 0.9975891947658818,
            "support": 425679.0
        }
    },
    "model_eval": {
        "loss": 0.2630225121974945,
        "mse": 69.96885681152344,
        "mae": 0.46801403164863586
    },
    "optimizer": {
        "name": "Adam",
        "weight_decay": null,
        "clipnorm": null,
        "global_clipnorm": null,
        "clipvalue": null,
        "use_ema": false,
        "ema_momentum": 0.99,
        "ema_overwrite_frequency": null,
        "jit_compile": false,
        "is_legacy_optimizer": false,
        "learning_rate": 0.0010000000474974513,
        "beta_1": 0.9,
        "beta_2": 0.999,
        "epsilon": 1e-07,
        "amsgrad": false
    },
    "attack_types": [
        "Benign",
        "Web Attack"
    ]
}