{
    "one_vs_all": {
        "tp": 6154,
        "tn": 134287,
        "fp": 5713,
        "fn": 38,
        "accuracy": 0.9606613220969684,
        "recall": 0.9938630490956072,
        "specificity": 0.9591928571428572,
        "precision": 0.5185809387376759,
        "f1_score": 0.6815438285619358,
        "false_positive_rate": 0.040807142857142854
    },
    "one_vs_all_detailed": [
        {
            "name": "Brute Force",
            "accuracy": 0.9606613220969684,
            "f1": 0.6815438285619358,
            "precision": 0.5185809387376759,
            "recall": 0.9938630490956072
        },
        {
            "name": "Benign",
            "accuracy": 0.9606613220969684,
            "f1": 0.9790358151827212,
            "precision": 0.9997171040387121,
            "recall": 0.9591928571428572
        }
    ],
    "f1_per_class": [
        {
            "Class": "Benign",
            "Support": 140000,
            "Accuracy": 0.9592,
            "Precision": 0.9997,
            "Recall": 0.9592,
            "F1-Score": 0.979
        },
        {
            "Class": "Brute Force",
            "Support": 6192,
            "Accuracy": 0.9939,
            "Precision": 0.5186,
            "Recall": 0.9939,
            "F1-Score": 0.6815
        }
    ],
    "weighted_f1": 0.9664354650872583,
    "classification_report": {
        "Benign": {
            "precision": 0.9997171040387121,
            "recall": 0.9591928571428572,
            "f1-score": 0.9790358151827212,
            "support": 140000.0
        },
        "Brute Force": {
            "precision": 0.5185809387376759,
            "recall": 0.9938630490956072,
            "f1-score": 0.6815438285619358,
            "support": 6192.0
        },
        "accuracy": 0.9606613220969684,
        "macro avg": {
            "precision": 0.759149021388194,
            "recall": 0.9765279531192321,
            "f1-score": 0.8302898218723285,
            "support": 146192.0
        },
        "weighted avg": {
            "precision": 0.9793384572212118,
            "recall": 0.9606613220969684,
            "f1-score": 0.9664354650872583,
            "support": 146192.0
        }
    },
    "model_eval": {
        "loss": 0.018238769844174385,
        "mse": 0.039664365351200104,
        "mae": 0.09203494340181351
    },
    "optimizer": {
        "name": "Adam",
        "weight_decay": null,
        "clipnorm": null,
        "global_clipnorm": null,
        "clipvalue": null,
        "use_ema": false,
        "ema_momentum": 0.99,
        "ema_overwrite_frequency": null,
        "jit_compile": false,
        "is_legacy_optimizer": false,
        "learning_rate": 0.0010000000474974513,
        "beta_1": 0.9,
        "beta_2": 0.999,
        "epsilon": 1e-07,
        "amsgrad": false
    },
    "attack_types": [
        "Benign",
        "Brute Force"
    ],
    "metrics": {
        "0": {
            "TP": 134287,
            "TN": 6154,
            "FP": 38,
            "FN": 5713
        },
        "1": {
            "TP": 6154,
            "TN": 134287,
            "FP": 5713,
            "FN": 38
        }
    }
}