{
    "one_vs_all": {
        "tp": 17,
        "tn": 139922,
        "fp": 78,
        "fn": 4,
        "accuracy": 0.999414373558252,
        "recall": 0.8095238095238095,
        "specificity": 0.9994428571428572,
        "precision": 0.17894736842105263,
        "f1_score": 0.2931034482758621,
        "false_positive_rate": 0.0005571428571428572
    },
    "one_vs_all_detailed": [
        {
            "name": "Benign",
            "accuracy": 0.999414373558252,
            "f1": 0.9997070654387231,
            "precision": 0.9999714134614011,
            "recall": 0.9994428571428572
        },
        {
            "name": "Infiltration",
            "accuracy": 0.999414373558252,
            "f1": 0.29310344827586204,
            "precision": 0.17894736842105263,
            "recall": 0.8095238095238095
        }
    ],
    "f1_per_class": [
        {
            "Class": "Benign",
            "Support": 140000,
            "Accuracy": 0.9994,
            "Precision": 1.0,
            "Recall": 0.9994,
            "F1-Score": 0.9997
        },
        {
            "Class": "Infiltration",
            "Support": 21,
            "Accuracy": 0.8095,
            "Precision": 0.1789,
            "Recall": 0.8095,
            "F1-Score": 0.2931
        }
    ],
    "weighted_f1": 0.9996010907923456,
    "classification_report": {
        "Benign": {
            "precision": 0.9999714134614011,
            "recall": 0.9994428571428572,
            "f1-score": 0.9997070654387231,
            "support": 140000.0
        },
        "Infiltration": {
            "precision": 0.17894736842105263,
            "recall": 0.8095238095238095,
            "f1-score": 0.29310344827586204,
            "support": 21.0
        },
        "accuracy": 0.999414373558252,
        "macro avg": {
            "precision": 0.5894593909412269,
            "recall": 0.9044833333333333,
            "f1-score": 0.6464052568572926,
            "support": 140021.0
        },
        "weighted avg": {
            "precision": 0.9998482783249154,
            "recall": 0.999414373558252,
            "f1-score": 0.9996010907923456,
            "support": 140021.0
        }
    },
    "model_eval": {
        "loss": 0.0028531127609312534,
        "mse": 0.03410300612449646,
        "mae": 0.030023816972970963
    },
    "optimizer": {
        "name": "Adam",
        "weight_decay": null,
        "clipnorm": null,
        "global_clipnorm": null,
        "clipvalue": null,
        "use_ema": false,
        "ema_momentum": 0.99,
        "ema_overwrite_frequency": null,
        "jit_compile": false,
        "is_legacy_optimizer": false,
        "learning_rate": 0.0010000000474974513,
        "beta_1": 0.9,
        "beta_2": 0.999,
        "epsilon": 1e-07,
        "amsgrad": false
    },
    "attack_types": [
        "Benign",
        "Infiltration"
    ],
    "metrics": {
        "0": {
            "TP": 139922,
            "TN": 17,
            "FP": 4,
            "FN": 78
        },
        "1": {
            "TP": 17,
            "TN": 139922,
            "FP": 78,
            "FN": 4
        }
    }
}