{
    "one_vs_all": {
        "tp": 269,
        "tn": 424011,
        "fp": 989,
        "fn": 107995,
        "accuracy": 0.7956284316961205,
        "recall": 0.0024846671100273404,
        "specificity": 0.9976729411764705,
        "precision": 0.2138314785373609,
        "f1_score": 0.004912255072040321,
        "false_positive_rate": 0.0023270588235294117
    },
    "classification_report": {
        "Benign": {
            "precision": 0.7970041691259121,
            "recall": 0.9976729411764705,
            "f1-score": 0.8861198362392713,
            "support": 425000.0
        },
        "Infiltration": {
            "precision": 0.2138314785373609,
            "recall": 0.0024846671100273404,
            "f1-score": 0.004912255072040321,
            "support": 108264.0
        },
        "accuracy": 0.7956284316961205,
        "macro avg": {
            "precision": 0.5054178238316365,
            "recall": 0.5000788041432489,
            "f1-score": 0.4455160456556558,
            "support": 533264.0
        },
        "weighted avg": {
            "precision": 0.6786076372507454,
            "recall": 0.7956284316961205,
            "f1-score": 0.7072158457814698,
            "support": 533264.0
        }
    },
    "model_eval": {
        "loss": 0.09562328457832336,
        "mse": 0.8358561396598816,
        "mae": 0.31765973567962646
    },
    "optimizer": {
        "name": "Adam",
        "weight_decay": null,
        "clipnorm": null,
        "global_clipnorm": null,
        "clipvalue": null,
        "use_ema": false,
        "ema_momentum": 0.99,
        "ema_overwrite_frequency": null,
        "jit_compile": false,
        "is_legacy_optimizer": false,
        "learning_rate": 0.0010000000474974513,
        "beta_1": 0.9,
        "beta_2": 0.999,
        "epsilon": 1e-07,
        "amsgrad": false
    },
    "attack_types": [
        "Benign",
        "Infiltration"
    ]
}