{
    "one_vs_all": {
        "tp": 6023,
        "tn": 139119,
        "fp": 881,
        "fn": 169,
        "accuracy": 0.9928176644412827,
        "recall": 0.9727067183462532,
        "specificity": 0.9937071428571429,
        "precision": 0.8723928157589803,
        "f1_score": 0.9198228466707391,
        "false_positive_rate": 0.006292857142857143
    },
    "f1_per_class": [
        {
            "Class": "Benign",
            "Support": 140000,
            "Accuracy": 0.9937,
            "Precision": 0.9988,
            "Recall": 0.9937,
            "F1-Score": 0.9962
        },
        {
            "Class": "Brute Force",
            "Support": 6192,
            "Accuracy": 0.9727,
            "Precision": 0.8724,
            "Recall": 0.9727,
            "F1-Score": 0.9198
        }
    ],
    "weighted_f1": 0.9930037530317434,
    "classification_report": {
        "Benign": {
            "precision": 0.9987866865774511,
            "recall": 0.9937071428571429,
            "f1-score": 0.9962404399759388,
            "support": 140000.0
        },
        "Brute Force": {
            "precision": 0.8723928157589803,
            "recall": 0.9727067183462532,
            "f1-score": 0.9198228466707391,
            "support": 6192.0
        },
        "accuracy": 0.9928176644412827,
        "macro avg": {
            "precision": 0.9355897511682156,
            "recall": 0.9832069306016981,
            "f1-score": 0.9580316433233389,
            "support": 146192.0
        },
        "weighted avg": {
            "precision": 0.9934332414634368,
            "recall": 0.9928176644412827,
            "f1-score": 0.9930037530317434,
            "support": 146192.0
        }
    },
    "model_eval": {
        "loss": 0.009005056694149971,
        "mse": 0.019399316981434822,
        "mae": 0.07885098457336426
    },
    "optimizer": {
        "name": "Adam",
        "weight_decay": null,
        "clipnorm": null,
        "global_clipnorm": null,
        "clipvalue": null,
        "use_ema": false,
        "ema_momentum": 0.99,
        "ema_overwrite_frequency": null,
        "jit_compile": true,
        "is_legacy_optimizer": false,
        "learning_rate": 0.0010000000474974513,
        "beta_1": 0.9,
        "beta_2": 0.999,
        "epsilon": 1e-07,
        "amsgrad": false
    },
    "attack_types": [
        "Benign",
        "Brute Force"
    ],
    "metrics": {
        "0": {
            "TP": 139119,
            "TN": 6023,
            "FP": 169,
            "FN": 881
        },
        "1": {
            "TP": 6023,
            "TN": 139119,
            "FP": 881,
            "FN": 169
        }
    }
}